{"cameraMode":{"drawMode":0,"name":"Shaded","section":"Shading Mode"},"sceneLighting":false,"audioPlay":false,"sceneViewState":{"showFog":true,"showMaterialUpdate":false,"showSkybox":false,"showFlares":true,"showImageEffects":true,"showParticleSystems":true},"in2DMode":false,"pivot":{"x":0.55545574426651,"y":2.0517895221710207,"z":-0.5284090042114258},"rotation":{"x":-0.091680608689785,"y":0.0020877965725958349,"z":-0.00019223851268179715,"w":-0.9957874417304993},"size":2.6069324016571047,"orthographic":false}