{"cameraMode":{"drawMode":0,"name":"Shaded","section":"Shading Mode"},"sceneLighting":false,"audioPlay":false,"sceneViewState":{"showFog":true,"showMaterialUpdate":false,"showSkybox":false,"showFlares":true,"showImageEffects":true,"showParticleSystems":true},"in2DMode":false,"pivot":{"x":2.944537401199341,"y":1.9164657592773438,"z":4.450553894042969},"rotation":{"x":0.5327883362770081,"y":0.0822223350405693,"z":-0.05211219564080238,"w":0.8406333327293396},"size":21.48834991455078,"orthographic":false}