{"cameraMode":{"drawMode":0,"name":"Shaded","section":"Shading Mode"},"sceneLighting":true,"audioPlay":false,"sceneViewState":{"showFog":false,"showMaterialUpdate":false,"showSkybox":true,"showFlares":true,"showImageEffects":true,"showParticleSystems":true},"in2DMode":false,"pivot":{"x":-0.10247230529785156,"y":1.64013671875,"z":0.140625},"rotation":{"x":0.015894487500190736,"y":0.01799689792096615,"z":-0.00028563966043293476,"w":0.999712347984314},"size":3.8679823875427248,"orthographic":true}